1970,Argentina,20
1970,Australia,1
1970,Belgium,1
1970,Brazil,6
1970,Canada,2
1970,Colombia,1
1970,Dominican Republic,2
1970,Egypt,1
1970,Greece,3
1970,Guatemala,3
1970,Iran,5
1970,Ireland,1
1970,Italy,3
1970,Japan,2
1970,Jordan,9
1970,Lebanon,1
1970,Mexico,2
1970,Netherlands,3
1970,Nicaragua,1
1970,Pakistan,1
1970,Paraguay,1
1970,Philippines,8
1970,Spain,3
1970,Switzerland,3
1970,Turkey,12
1970,United Kingdom,12
1970,United States,468
1970,Uruguay,33
1970,Venezuela,2
1970,Germany,32
1971,Argentina,8
1971,Bolivia,1
1971,Brazil,3
1971,Cambodia,2
1971,Costa Rica,1
1971,Dominican Republic,3
1971,Egypt,1
1971,Ethiopia,1
1971,Greece,1
1971,Iran,10
1971,Ireland,1
1971,Israel,1
1971,Italy,3
1971,Jordan,2
1971,Lebanon,1
1971,Netherlands,1
1971,Philippines,3
1971,Poland,1
1971,South Yemen,1
1971,Spain,21
1971,Sweden,2
1971,Switzerland,1
1971,Turkey,35
1971,United Kingdom,80
1971,United States,247
1971,Uruguay,8
1971,Venezuela,4
1971,Germany,17
1972,Algeria,1
1972,Argentina,20
1972,Australia,3
1972,Austria,7
1972,Belgium,4
1972,Brazil,1
1972,Brunei,5
1972,Cambodia,2
1972,Canada,4
1972,Colombia,2
1972,Egypt,1
1972,El Salvador,2
1972,France,11
1972,Greece,2
1972,India,1
1972,Iran,15
1972,Ireland,5
1972,Israel,15
1972,Italy,4
1972,Jordan,7
1972,Lebanon,3
1972,Mexico,1
1972,Netherlands,1
1972,Panama,1
1972,People's Republic of the Congo,1
1972,Philippines,6
1972,Portugal,1
1972,South Vietnam,1
1972,Spain,18
1972,Sweden,3
1972,Switzerland,3
1972,Thailand,1
1972,Turkey,9
1972,United Kingdom,288
1972,United States,68
1972,Uruguay,1
1972,Venezuela,1
1972,West Bank and Gaza Strip,1
1972,Germany,23
1972,Zaire,3
1973,Afghanistan,1
1973,Argentina,58
1973,Austria,1
1973,Belgium,1
1973,Brazil,2
1973,Chile,7
1973,Colombia,4
1973,Cyprus,3
1973,Dominican Republic,3
1973,Ecuador,1
1973,El Salvador,1
1973,France,14
1973,Greece,11
1973,Haiti,1
1973,Honduras,1
1973,Iran,4
1973,Ireland,3
1973,Israel,1
1973,Italy,15
1973,Japan,2
1973,Jordan,1
1973,Lebanon,10
1973,Malaysia,1
1973,Mexico,6
1973,Netherlands,1
1973,New Zealand,1
1973,Peru,3
1973,Portugal,1
1973,Spain,20
1973,Sudan,1
1973,Switzerland,2
1973,United Kingdom,189
1973,United States,58
1973,Venezuela,3
1973,Germany,27
1973,Yugoslavia,1
1973,Zaire,1
1973,Zambia,1
1974,Argentina,71
1974,Austria,1
1974,Belgium,5
1974,Bolivia,1
1974,Botswana,1
1974,Canada,1
1974,Chad,1
1974,Dominican Republic,2
1974,Ecuador,3
1974,El Salvador,3
1974,Ethiopia,2
1974,France,29
1974,Guatemala,1
1974,Haiti,2
1974,Iran,11
1974,Ireland,3
1974,Israel,12
1974,Italy,22
1974,Jamaica,2
1974,Japan,3
1974,Kuwait,1
1974,Lebanon,11
1974,Mexico,16
1974,Netherlands,1
1974,Nicaragua,1
1974,North Yemen,1
1974,Pakistan,2
1974,Peru,3
1974,Philippines,1
1974,South Africa,1
1974,South Korea,1
1974,Spain,14
1974,Switzerland,3
1974,Syria,4
1974,Thailand,1
1974,Turkey,1
1974,United Arab Emirates,1
1974,United Kingdom,203
1974,United States,89
1974,Venezuela,3
1974,Germany,29
1974,Yugoslavia,1
1975,Argentina,38
1975,Austria,2
1975,Colombia,8
1975,Cyprus,2
1975,El Salvador,3
1975,Ethiopia,3
1975,France,39
1975,Greece,4
1975,Guatemala,5
1975,India,1
1975,Iran,13
1975,Iraq,1
1975,Ireland,7
1975,Israel,2
1975,Italy,7
1975,Japan,10
1975,Kenya,4
1975,Kuwait,1
1975,Lebanon,15
1975,Malaysia,3
1975,Mexico,10
1975,Namibia,1
1975,Netherlands,3
1975,Nicaragua,1
1975,Pakistan,1
1975,Peru,2
1975,Philippines,2
1975,Portugal,4
1975,Somalia,1
1975,Spain,131
1975,Sri Lanka,1
1975,Sweden,1
1975,Switzerland,3
1975,Syria,2
1975,Turkey,10
1975,United Kingdom,193
1975,United States,149
1975,Venezuela,5
1975,Germany,34
1975,Zambia,1
1976,Algeria,1
1976,Argentina,54
1976,Austria,4
1976,Bahamas,1
1976,Barbados,2
1976,Belgium,1
1976,Bolivia,1
1976,Brazil,5
1976,Chile,2
1976,Colombia,21
1976,Costa Rica,12
1976,Ecuador,2
1976,El Salvador,13
1976,Ethiopia,1
1976,France,56
1976,Greece,20
1976,Guatemala,9
1976,India,1
1976,Iran,3
1976,Iraq,2
1976,Ireland,5
1976,Israel,2
1976,Italy,171
1976,Jamaica,1
1976,Japan,1
1976,Jordan,1
1976,Kenya,2
1976,Kuwait,1
1976,Lebanon,4
1976,Mexico,19
1976,Myanmar,1
1976,Namibia,2
1976,Netherlands,3
1976,Nigeria,1
1976,Pakistan,3
1976,Panama,2
1976,Paraguay,1
1976,Philippines,3
1976,Portugal,14
1976,Spain,48
1976,Switzerland,4
1976,Syria,2
1976,Taiwan,1
1976,Trinidad and Tobago,1
1976,Turkey,33
1976,United Kingdom,193
1976,United States,103
1976,Venezuela,4
1976,West Bank and Gaza Strip,1
1976,Germany,50
1977,Argentina,16
1977,Austria,1
1977,Belgium,1
1977,Bolivia,1
1977,Brazil,1
1977,Chile,6
1977,Colombia,61
1977,Costa Rica,5
1977,Cyprus,1
1977,Djibouti,1
1977,Ecuador,7
1977,Egypt,1
1977,El Salvador,5
1977,Ethiopia,4
1977,France,47
1977,Greece,44
1977,Guatemala,7
1977,India,1
1977,Iran,5
1977,Ireland,3
1977,Israel,6
1977,Italy,296
1977,Japan,1
1977,Lebanon,4
1977,Malaysia,1
1977,Mauritania,3
1977,Mexico,16
1977,Netherlands,5
1977,Nicaragua,5
1977,Peru,3
1977,Philippines,2
1977,Portugal,15
1977,South Africa,15
1977,Spain,127
1977,Switzerland,3
1977,Syria,3
1977,Thailand,2
1977,Turkey,187
1977,United Arab Emirates,1
1977,United Kingdom,129
1977,United States,120
1977,Venezuela,2
1977,Germany,29
1977,Yugoslavia,1
1977,Zaire,1
1977,Zambia,1
1978,Algeria,1
1978,Angola,1
1978,Argentina,25
1978,Australia,2
1978,Austria,1
1978,Belgium,8
1978,Bolivia,3
1978,Brazil,4
1978,Cambodia,1
1978,Chile,8
1978,Colombia,134
1978,Costa Rica,2
1978,Cyprus,2
1978,Dominican Republic,1
1978,Ecuador,11
1978,Egypt,1
1978,El Salvador,86
1978,Ethiopia,1
1978,France,57
1978,Greece,39
1978,Guatemala,26
1978,Guyana,1
1978,Indonesia,1
1978,Iran,27
1978,Ireland,3
1978,Israel,23
1978,Italy,271
1978,Japan,35
1978,Kenya,1
1978,Kuwait,1
1978,Lebanon,11
1978,Mexico,28
1978,Morocco,1
1978,Mozambique,2
1978,Namibia,7
1978,Netherlands,2
1978,Nicaragua,69
1978,North Yemen,2
1978,Pakistan,2
1978,Peru,4
1978,Philippines,28
1978,Portugal,4
1978,Rhodesia,11
1978,South Africa,6
1978,Soviet Union,1
1978,Spain,204
1978,Switzerland,3
1978,Syria,1
1978,Thailand,5
1978,Turkey,52
1978,United Arab Emirates,1
1978,United Kingdom,98
1978,United States,85
1978,Venezuela,7
1978,West Bank and Gaza Strip,4
1978,Germany,11
1979,Afghanistan,3
1979,Algeria,1
1979,Angola,2
1979,Argentina,16
1979,Australia,2
1979,Austria,5
1979,Bahrain,1
1979,Bangladesh,1
1979,Belgium,8
1979,Bolivia,14
1979,Brazil,6
1979,Chile,47
1979,Colombia,128
1979,Costa Rica,2
1979,Cyprus,5
1979,Denmark,3
1979,Dominican Republic,2
1979,Ecuador,2
1979,Egypt,1
1979,El Salvador,310
1979,Ethiopia,2
1979,France,160
1979,Gabon,1
1979,Greece,9
1979,Guatemala,55
1979,Guyana,2
1979,Honduras,6
1979,India,11
1979,Iran,76
1979,Iraq,1
1979,Ireland,7
1979,Israel,127
1979,Italy,208
1979,Jamaica,2
1979,Japan,14
1979,Lebanon,34
1979,Lesotho,2
1979,Libya,3
1979,Mexico,10
1979,Morocco,2
1979,Mozambique,5
1979,Myanmar,13
1979,Namibia,24
1979,Netherlands,3
1979,Nicaragua,171
1979,Norway,1
1979,Pakistan,7
1979,Panama,4
1979,Peru,3
1979,Philippines,40
1979,Poland,1
1979,Portugal,15
1979,Rhodesia,32
1979,Saudi Arabia,1
1979,South Africa,14
1979,Spain,278
1979,Sri Lanka,3
1979,Sweden,1
1979,Switzerland,6
1979,Syria,27
1979,Tanzania,1
1979,Thailand,13
1979,Trinidad and Tobago,1
1979,Tunisia,1
1979,Turkey,119
1979,Uganda,8
1979,United Arab Emirates,1
1979,United Kingdom,209
1979,United States,69
1979,Venezuela,1
1979,West Bank and Gaza Strip,21
1979,Germany,17
1979,Zambia,1
1980,Argentina,6
1980,Australia,6
1980,Austria,2
1980,Bahrain,1
1980,Bangladesh,1
1980,Belgium,7
1980,Belize,1
1980,Bolivia,35
1980,Brazil,19
1980,Canada,3
1980,Chile,41
1980,Colombia,126
1980,Costa Rica,3
1980,Cyprus,1
1980,Denmark,1
1980,Dominican Republic,1
1980,Ecuador,2
1980,Egypt,5
1980,El Salvador,669
1980,France,93
1980,Greece,15
1980,Grenada,3
1980,Guadeloupe,9
1980,Guatemala,252
1980,Guinea,1
1980,Guyana,1
1980,Honduras,15
1980,Hong Kong,1
1980,India,5
1980,Iran,51
1980,Iraq,6
1980,Ireland,6
1980,Israel,70
1980,Italy,110
1980,Jamaica,6
1980,Jordan,1
1980,Kenya,1
1980,Kuwait,3
1980,Lebanon,82
1980,Libya,2
1980,Mexico,5
1980,Namibia,2
1980,Netherlands,1
1980,New Hebrides,1
1980,Nicaragua,29
1980,Nigeria,1
1980,Pakistan,1
1980,Panama,4
1980,Paraguay,2
1980,Peru,61
1980,Philippines,49
1980,Portugal,7
1980,Rhodesia,13
1980,Senegal,1
1980,Somalia,1
1980,South Africa,21
1980,Spain,178
1980,Switzerland,7
1980,Syria,33
1980,Thailand,21
1980,Tunisia,1
1980,Turkey,90
1980,United Arab Emirates,1
1980,United Kingdom,132
1980,United States,67
1980,Venezuela,8
1980,West Bank and Gaza Strip,51
1980,Germany,20
1980,Yugoslavia,1
1980,Zimbabwe,14
1981,Albania,1
1981,Angola,1
1981,Argentina,2
1981,Australia,1
1981,Austria,3
1981,Bahamas,1
1981,Bangladesh,1
1981,Belgium,6
1981,Bolivia,5
1981,Brazil,11
1981,Central African Republic,1
1981,Chile,33
1981,Colombia,139
1981,Costa Rica,10
1981,Cyprus,3
1981,Denmark,6
1981,Dominica,2
1981,Ecuador,2
1981,Egypt,9
1981,El Salvador,619
1981,France,65
1981,Greece,19
1981,Guadeloupe,1
1981,Guatemala,342
1981,Guyana,1
1981,Honduras,17
1981,Hong Kong,3
1981,India,7
1981,Indonesia,1
1981,Iran,99
1981,Iraq,2
1981,Ireland,4
1981,Israel,31
1981,Italy,68
1981,Japan,1
1981,Jordan,2
1981,Kuwait,3
1981,Lebanon,77
1981,Lesotho,4
1981,Martinique,1
1981,Mexico,3
1981,Mozambique,1
1981,Netherlands,1
1981,New Zealand,2
1981,Nicaragua,34
1981,Norway,1
1981,Pakistan,4
1981,Panama,4
1981,Peru,143
1981,Philippines,13
1981,Poland,1
1981,Portugal,10
1981,Seychelles,2
1981,Somalia,8
1981,South Africa,41
1981,Spain,100
1981,Sri Lanka,2
1981,Sudan,1
1981,Sweden,1
1981,Switzerland,13
1981,Syria,40
1981,Thailand,14
1981,Trinidad and Tobago,1
1981,Turkey,8
1981,Uganda,24
1981,United Kingdom,138
1981,United States,74
1981,Vatican City,1
1981,Venezuela,7
1981,West Bank and Gaza Strip,19
1981,Germany,31
1981,Yugoslavia,2
1981,Zimbabwe,9
1982,Angola,2
1982,Argentina,9
1982,Australia,2
1982,Austria,11
1982,Bangladesh,1
1982,Belgium,1
1982,Bolivia,27
1982,Brazil,4
1982,Bulgaria,2
1982,Canada,4
1982,Chile,21
1982,Colombia,185
1982,Costa Rica,6
1982,Cyprus,1
1982,Dominican Republic,2
1982,Ecuador,3
1982,Egypt,1
1982,El Salvador,474
1982,France,61
1982,Greece,19
1982,Guatemala,296
1982,Honduras,33
1982,India,10
1982,Iran,24
1982,Iraq,4
1982,Ireland,4
1982,Israel,49
1982,Italy,23
1982,Japan,2
1982,Jordan,1
1982,Kuwait,1
1982,Lebanon,109
1982,Mexico,3
1982,Mozambique,3
1982,Myanmar,2
1982,Namibia,1
1982,Netherlands,2
1982,Nicaragua,39
1982,Pakistan,4
1982,People's Republic of the Congo,1
1982,Peru,336
1982,Philippines,26
1982,Portugal,3
1982,Qatar,1
1982,South Africa,22
1982,South Korea,1
1982,Spain,141
1982,Sri Lanka,1
1982,Sudan,3
1982,Suriname,1
1982,Swaziland,1
1982,Switzerland,6
1982,Syria,18
1982,Thailand,3
1982,Turkey,5
1982,Uganda,1
1982,United Kingdom,91
1982,United States,78
1982,Venezuela,2
1982,West Bank and Gaza Strip,54
1982,Germany,30
1982,Zimbabwe,7
1983,Angola,6
1983,Argentina,18
1983,Belgium,8
1983,Bolivia,27
1983,Brazil,8
1983,Canada,1
1983,Chile,96
1983,Colombia,202
1983,Costa Rica,3
1983,Cyprus,2
1983,Ecuador,10
1983,El Salvador,329
1983,Ethiopia,1
1983,Falkland Islands,1
1983,France,78
1983,French Guiana,3
1983,Greece,11
1983,Grenada,1
1983,Guadeloupe,11
1983,Guatemala,104
1983,Haiti,6
1983,Honduras,27
1983,Iceland,1
1983,India,40
1983,Iran,10
1983,Iraq,3
1983,Ireland,4
1983,Israel,25
1983,Italy,7
1983,Japan,12
1983,Jordan,7
1983,Kuwait,3
1983,Lebanon,206
1983,Lesotho,11
1983,Luxembourg,1
1983,Malaysia,1
1983,Martinique,5
1983,Mexico,2
1983,Mozambique,4
1983,Myanmar,3
1983,Namibia,4
1983,Netherlands,2
1983,Nicaragua,204
1983,Nigeria,2
1983,Pakistan,8
1983,Panama,9
1983,Peru,509
1983,Philippines,9
1983,Portugal,9
1983,Somalia,1
1983,South Africa,49
1983,South Korea,1
1983,Spain,115
1983,Sri Lanka,6
1983,Sudan,1
1983,Suriname,1
1983,Sweden,1
1983,Switzerland,3
1983,Syria,1
1983,Thailand,1
1983,Trinidad and Tobago,1
1983,Turkey,5
1983,Uganda,6
1983,United Arab Emirates,1
1983,United Kingdom,174
1983,United States,43
1983,Venezuela,3
1983,West Bank and Gaza Strip,35
1983,Germany,6
1983,Yugoslavia,1
1983,Zimbabwe,4
1984,Angola,9
1984,Argentina,46
1984,Austria,4
1984,Bangladesh,1
1984,Belgium,9
1984,Bolivia,14
1984,Brazil,5
1984,Bulgaria,1
1984,Burkina Faso,1
1984,Chad,1
1984,Chile,546
1984,Colombia,211
1984,Costa Rica,2
1984,Cyprus,7
1984,Ecuador,8
1984,El Salvador,215
1984,Ethiopia,1
1984,France,133
1984,Greece,28
1984,Guadeloupe,9
1984,Guatemala,66
1984,Honduras,12
1984,India,71
1984,Indonesia,2
1984,Iran,13
1984,Iraq,1
1984,Ireland,1
1984,Israel,19
1984,Italy,14
1984,Japan,15
1984,Jordan,5
1984,Kuwait,1
1984,Lebanon,153
1984,Libya,3
1984,Malta,7
1984,Martinique,2
1984,Mexico,4
1984,Mozambique,6
1984,Namibia,21
1984,Netherlands,1
1984,New Caledonia,10
1984,New Zealand,1
1984,Nicaragua,220
1984,Pakistan,3
1984,Panama,2
1984,Paraguay,2
1984,Peru,512
1984,Philippines,21
1984,Portugal,14
1984,Romania,1
1984,Saudi Arabia,1
1984,Somalia,2
1984,South Africa,57
1984,Spain,139
1984,Sri Lanka,72
1984,Sudan,4
1984,Suriname,1
1984,Swaziland,1
1984,Switzerland,1
1984,Syria,1
1984,Thailand,1
1984,Turkey,17
1984,Uganda,3
1984,United Kingdom,140
1984,United States,63
1984,Uruguay,4
1984,Venezuela,3
1984,West Bank and Gaza Strip,28
1984,Germany,21
1984,Western Sahara,1
1984,Yugoslavia,1
1984,Zaire,3
1984,Zimbabwe,2
1985,Angola,3
1985,Argentina,42
1985,Austria,4
1985,Bangladesh,1
1985,Belgium,21
1985,Bolivia,13
1985,Botswana,1
1985,Brazil,1
1985,Canada,3
1985,Chile,227
1985,Colombia,346
1985,Costa Rica,5
1985,Cyprus,7
1985,Denmark,4
1985,Ecuador,10
1985,Egypt,2
1985,El Salvador,273
1985,Ethiopia,1
1985,France,44
1985,Greece,35
1985,Guadeloupe,6
1985,Guatemala,57
1985,Honduras,8
1985,India,22
1985,Indonesia,1
1985,Iran,3
1985,Ireland,2
1985,Israel,19
1985,Italy,11
1985,Japan,10
1985,Kuwait,2
1985,Lebanon,88
1985,Luxembourg,8
1985,Malta,1
1985,Mexico,1
1985,Morocco,1
1985,Mozambique,5
1985,Namibia,6
1985,Nepal,9
1985,Netherlands,4
1985,New Caledonia,7
1985,Nicaragua,176
1985,Niger,1
1985,Pakistan,2
1985,Paraguay,1
1985,Peru,335
1985,Philippines,51
1985,Portugal,20
1985,Romania,1
1985,Saudi Arabia,2
1985,Singapore,1
1985,South Africa,97
1985,Spain,112
1985,Sri Lanka,96
1985,Switzerland,7
1985,Syria,1
1985,Thailand,1
1985,Togo,3
1985,Turkey,2
1985,Uganda,5
1985,United Arab Emirates,2
1985,United Kingdom,66
1985,United States,40
1985,Uruguay,2
1985,Venezuela,2
1985,West Bank and Gaza Strip,3
1985,Germany,56
1985,Zambia,1
1985,Zimbabwe,1
1986,Angola,4
1986,Argentina,28
1986,Australia,2
1986,Austria,4
1986,Bangladesh,10
1986,Belgium,3
1986,Bolivia,4
1986,Brazil,3
1986,Canada,2
1986,Central African Republic,1
1986,Chile,243
1986,Colombia,280
1986,Costa Rica,1
1986,Cyprus,2
1986,Denmark,2
1986,Ecuador,8
1986,Egypt,4
1986,El Salvador,157
1986,Ethiopia,1
1986,Finland,1
1986,France,84
1986,Greece,41
1986,Guadeloupe,1
1986,Guatemala,26
1986,Honduras,8
1986,Iceland,1
1986,India,68
1986,Indonesia,3
1986,Iran,6
1986,Ireland,2
1986,Israel,46
1986,Italy,7
1986,Jamaica,1
1986,Japan,10
1986,Lebanon,96
1986,Malaysia,8
1986,Malta,1
1986,Mexico,2
1986,Mozambique,7
1986,Namibia,1
1986,Netherlands,14
1986,New Caledonia,2
1986,Nicaragua,119
1986,Pakistan,22
1986,Panama,5
1986,Peru,542
1986,Philippines,48
1986,Portugal,11
1986,Saudi Arabia,1
1986,South Africa,141
1986,South Korea,2
1986,Spain,123
1986,Sri Lanka,125
1986,Sudan,5
1986,Suriname,6
1986,Swaziland,1
1986,Sweden,2
1986,Syria,4
1986,Thailand,3
1986,Tunisia,2
1986,Turkey,7
1986,Uganda,1
1986,United Arab Emirates,1
1986,United Kingdom,94
1986,United States,48
1986,Uruguay,2
1986,Venezuela,8
1986,West Bank and Gaza Strip,10
1986,Germany,49
1986,Zambia,1
1987,Angola,3
1987,Argentina,80
1987,Austria,4
1987,Bangladesh,5
1987,Belgium,1
1987,Bolivia,13
1987,Botswana,1
1987,Brazil,1
1987,Chile,173
1987,Colombia,298
1987,Costa Rica,3
1987,Cyprus,10
1987,Denmark,2
1987,Djibouti,1
1987,Dominican Republic,15
1987,Ecuador,6
1987,Egypt,7
1987,El Salvador,150
1987,Ethiopia,1
1987,Fiji,3
1987,France,86
1987,Ghana,1
1987,Greece,26
1987,Guatemala,29
1987,Haiti,10
1987,Honduras,19
1987,India,130
1987,Iran,1
1987,Iraq,3
1987,Ireland,24
1987,Israel,20
1987,Italy,14
1987,Japan,10
1987,Kuwait,9
1987,Lebanon,88
1987,Malta,4
1987,Martinique,1
1987,Mexico,1
1987,Morocco,4
1987,Mozambique,8
1987,Myanmar,1
1987,Namibia,7
1987,Netherlands,1
1987,Nicaragua,174
1987,Norway,2
1987,Pakistan,59
1987,Panama,4
1987,Paraguay,1
1987,Peru,603
1987,Philippines,117
1987,Singapore,2
1987,Somalia,1
1987,South Africa,121
1987,Spain,104
1987,Sri Lanka,112
1987,Sudan,1
1987,Suriname,10
1987,Switzerland,1
1987,Tunisia,4
1987,Turkey,40
1987,Uganda,1
1987,United Kingdom,116
1987,United States,34
1987,Venezuela,12
1987,West Bank and Gaza Strip,12
1987,Germany,20
1987,Zambia,1
1987,Zimbabwe,10
1988,Afghanistan,10
1988,Angola,10
1988,Argentina,32
1988,Australia,3
1988,Austria,1
1988,Bangladesh,28
1988,Belgium,5
1988,Bolivia,11
1988,Botswana,3
1988,Brazil,2
1988,Chile,184
1988,Colombia,364
1988,Costa Rica,2
1988,Cyprus,5
1988,Denmark,1
1988,Djibouti,2
1988,Dominican Republic,2
1988,Ecuador,9
1988,Egypt,9
1988,El Salvador,311
1988,France,54
1988,Greece,38
1988,Guadeloupe,1
1988,Guatemala,26
1988,Haiti,6
1988,Honduras,21
1988,India,319
1988,Iran,5
1988,Iraq,3
1988,Israel,31
1988,Italy,29
1988,Japan,16
1988,Jordan,1
1988,Kuwait,4
1988,Lebanon,118
1988,Lesotho,1
1988,Malaysia,4
1988,Maldives,1
1988,Martinique,1
1988,Mauritius,1
1988,Mexico,3
1988,Mozambique,14
1988,Myanmar,18
1988,Namibia,16
1988,Netherlands,4
1988,New Caledonia,8
1988,Nicaragua,44
1988,Nigeria,2
1988,North Yemen,1
1988,Pakistan,43
1988,Panama,1
1988,Peru,334
1988,Philippines,130
1988,Portugal,2
1988,Saudi Arabia,1
1988,Senegal,3
1988,Somalia,2
1988,South Africa,232
1988,South Korea,8
1988,Spain,149
1988,Sri Lanka,332
1988,Sudan,8
1988,Suriname,9
1988,Switzerland,4
1988,Thailand,3
1988,Turkey,42
1988,Uganda,13
1988,United Kingdom,178
1988,United States,27
1988,Venezuela,8
1988,West Bank and Gaza Strip,21
1988,Germany,18
1988,Zaire,1
1988,Zambia,4
1988,Zimbabwe,1
1989,Afghanistan,10
1989,Angola,6
1989,Argentina,31
1989,Australia,2
1989,Austria,2
1989,Bangladesh,28
1989,Belgium,7
1989,Bolivia,40
1989,Botswana,2
1989,Brazil,5
1989,Cambodia,1
1989,Canada,1
1989,Chile,144
1989,China,3
1989,Colombia,448
1989,Costa Rica,1
1989,Cyprus,6
1989,Czechoslovakia,4
1989,Denmark,1
1989,Dominican Republic,11
1989,Ecuador,13
1989,Egypt,7
1989,El Salvador,322
1989,Ethiopia,1
1989,Fiji,2
1989,France,25
1989,Greece,49
1989,Guatemala,67
1989,Haiti,3
1989,Honduras,29
1989,Hong Kong,1
1989,Hungary,1
1989,India,269
1989,Indonesia,1
1989,Iran,6
1989,Iraq,3
1989,Ireland,3
1989,Israel,71
1989,Italy,14
1989,Japan,12
1989,Kenya,4
1989,Laos,1
1989,Lebanon,134
1989,Malaysia,2
1989,Mauritius,1
1989,Mexico,1
1989,Mozambique,59
1989,Myanmar,21
1989,Namibia,11
1989,Netherlands,5
1989,New Caledonia,1
1989,Nicaragua,14
1989,Niger,1
1989,Pakistan,44
1989,Panama,2
1989,Papua New Guinea,23
1989,Peru,607
1989,Philippines,111
1989,Portugal,1
1989,Saudi Arabia,3
1989,Somalia,2
1989,South Africa,139
1989,South Korea,1
1989,Soviet Union,7
1989,Spain,117
1989,Sri Lanka,485
1989,Sudan,8
1989,Suriname,16
1989,Swaziland,1
1989,Sweden,3
1989,Syria,1
1989,Thailand,12
1989,Trinidad and Tobago,1
1989,Turkey,105
1989,Uganda,15
1989,United Arab Emirates,1
1989,United Kingdom,161
1989,United States,42
1989,Uruguay,1
1989,Venezuela,4
1989,West Bank and Gaza Strip,109
1989,Germany,22
1989,Yugoslavia,3
1989,Zambia,18
1989,Zimbabwe,3
1990,Afghanistan,2
1990,Albania,1
1990,Algeria,1
1990,Angola,192
1990,Argentina,31
1990,Austria,1
1990,Bangladesh,17
1990,Belgium,2
1990,Bolivia,10
1990,Botswana,1
1990,Brazil,6
1990,Bulgaria,5
1990,Cambodia,2
1990,Chile,160
1990,China,1
1990,Colombia,315
1990,Costa Rica,1
1990,Cyprus,10
1990,Czechoslovakia,1
1990,Djibouti,1
1990,Dominican Republic,2
1990,Ecuador,8
1990,Egypt,12
1990,El Salvador,131
1990,Ethiopia,10
1990,France,30
1990,Germany,1
1990,Greece,55
1990,Guatemala,68
1990,Guyana,5
1990,Haiti,3
1990,Honduras,13
1990,Hong Kong,1
1990,India,310
1990,Iran,11
1990,Ireland,2
1990,Israel,75
1990,Italy,6
1990,Japan,82
1990,Jordan,3
1990,Laos,1
1990,Lebanon,78
1990,Liberia,3
1990,Malaysia,2
1990,Mali,1
1990,Mexico,5
1990,Mozambique,16
1990,Myanmar,8
1990,Namibia,2
1990,Netherlands,6
1990,Nicaragua,12
1990,Pakistan,87
1990,Panama,15
1990,Papua New Guinea,18
1990,Peru,464
1990,Philippines,249
1990,Poland,7
1990,Republic of the Congo,1
1990,Senegal,7
1990,Somalia,10
1990,South Africa,144
1990,South Korea,3
1990,Soviet Union,33
1990,Spain,103
1990,Sri Lanka,126
1990,Sudan,1
1990,Suriname,7
1990,Sweden,6
1990,Switzerland,1
1990,Taiwan,1
1990,Thailand,7
1990,Turkey,173
1990,Uganda,12
1990,United Kingdom,143
1990,United States,32
1990,Uruguay,1
1990,Venezuela,1
1990,West Bank and Gaza Strip,101
1990,Germany,12
1990,Yugoslavia,5
1990,Zambia,2
1990,Zimbabwe,4
1991,Afghanistan,22
1991,Albania,1
1991,Algeria,29
1991,Angola,12
1991,Argentina,24
1991,Armenia,1
1991,Australia,4
1991,Austria,3
1991,Azerbaijan,2
1991,Bahrain,1
1991,Bangladesh,36
1991,Belgium,6
1991,Bolivia,28
1991,Brazil,24
1991,Bulgaria,3
1991,Burkina Faso,2
1991,Burundi,1
1991,Cambodia,1
1991,Cameroon,3
1991,Central African Republic,3
1991,Chad,2
1991,Chile,127
1991,China,1
1991,Colombia,323
1991,Costa Rica,2
1991,Croatia,25
1991,Cuba,1
1991,Cyprus,11
1991,Czechoslovakia,1
1991,Denmark,1
1991,Djibouti,1
1991,Dominican Republic,8
1991,Ecuador,16
1991,Egypt,9
1991,El Salvador,377
1991,Ethiopia,5
1991,Fiji,3
1991,France,128
1991,Georgia,3
1991,Germany,63
1991,Greece,57
1991,Guadeloupe,1
1991,Guatemala,71
1991,Haiti,17
1991,Honduras,21
1991,Hong Kong,1
1991,Hungary,3
1991,India,293
1991,Indonesia,5
1991,Iran,8
1991,Iraq,3
1991,Ireland,16
1991,Israel,47
1991,Italy,31
1991,Jamaica,1
1991,Japan,19
1991,Jordan,10
1991,Kenya,3
1991,Kuwait,5
1991,Lebanon,86
1991,Liberia,1
1991,Lithuania,1
1991,Madagascar,1
1991,Malaysia,3
1991,Mali,9
1991,Mexico,9
1991,Moldova,1
1991,Morocco,3
1991,Mozambique,24
1991,Myanmar,19
1991,Namibia,1
1991,Nepal,1
1991,Netherlands,8
1991,New Zealand,1
1991,Nicaragua,76
1991,Niger,6
1991,Nigeria,2
1991,Norway,2
1991,Pakistan,130
1991,Panama,16
1991,Papua New Guinea,2
1991,Peru,619
1991,Philippines,101
1992,Afghanistan,33
1992,Albania,3
1992,Algeria,205
1992,Angola,43
1992,Antigua and Barbuda,1
1992,Argentina,38
1992,Armenia,2
1992,Australia,4
1992,Austria,8
1992,Azerbaijan,10
1992,Bangladesh,68
1992,Barbados,1
1992,Belgium,9
1992,Belize,2
1992,Benin,1
1992,Bolivia,32
1992,Bosnia-Herzegovina,22
1992,Brazil,22
1992,Brunei,1
1992,Bulgaria,2
1992,Burundi,1
1992,Cambodia,43
1992,Cameroon,6
1992,Canada,3
1992,Central African Republic,1
1992,Chad,3
1992,Chile,113
1992,China,5
1992,Colombia,459
1992,Comoros,1
1992,Costa Rica,2
1992,Croatia,4
1992,Cuba,4
1992,Cyprus,6
1992,Czechoslovakia,3
1992,Denmark,4
1992,Djibouti,5
1992,Dominican Republic,11
1992,Ecuador,23
1992,Egypt,73
1992,El Salvador,27
1992,Estonia,2
1992,Ethiopia,8
1992,Fiji,1
1992,Finland,1
1992,France,102
1992,Georgia,35
1992,Germany,154
1992,Ghana,7
1992,Greece,35
1992,Guatemala,41
1992,Guinea,2
1992,Guyana,4
1992,Haiti,27
1992,Honduras,12
1992,Hong Kong,6
1992,Hungary,1
1992,India,203
1992,Indonesia,3
1992,Iran,15
1992,Iraq,28
1992,Ireland,6
1992,Israel,50
1992,Italy,36
1992,Ivory Coast,3
1992,Jamaica,6
1992,Japan,32
1992,Jordan,2
1992,Kazakhstan,5
1992,Kenya,28
1992,Kuwait,11
1992,Laos,3
1992,Latvia,2
1992,Lebanon,77
1992,Liberia,9
1992,Libya,1
1992,Lithuania,1
1992,Madagascar,7
1992,Malawi,3
1992,Malaysia,2
1992,Mali,3
1992,Malta,1
1992,Martinique,1
1994,Afghanistan,8
1994,Albania,2
1994,Algeria,211
1994,Angola,7
1994,Argentina,12
1994,Armenia,4
1994,Australia,9
1994,Austria,5
1994,Azerbaijan,10
1994,Bahrain,1
1994,Bangladesh,68
1994,Belarus,1
1994,Belgium,5
1994,Benin,3
1994,Bolivia,8
1994,Bosnia-Herzegovina,9
1994,Brazil,18
1994,Bulgaria,2
1994,Burundi,13
1994,Cambodia,27
1994,Cameroon,3
1994,Canada,4
1994,Central African Republic,1
1994,Chile,14
1994,China,13
1994,Colombia,167
1994,Comoros,1
1994,Costa Rica,1
1994,Croatia,4
1994,Cuba,8
1994,Cyprus,6
1994,Czech Republic,1
1994,Djibouti,2
1994,Dominican Republic,7
1994,Ecuador,6
1994,Egypt,136
1994,El Salvador,20
1994,Estonia,3
1994,Ethiopia,4
1994,Finland,1
1994,France,93
1994,Gabon,1
1994,Gambia,1
1994,Georgia,17
1994,Germany,77
1994,Ghana,3
1994,Greece,42
1994,Guatemala,66
1994,Guinea,2
1994,Haiti,27
1994,Honduras,6
1994,Hong Kong,4
1994,Hungary,2
1994,India,90
1994,Indonesia,5
1994,Iran,41
1994,Iraq,16
1994,Ireland,10
1994,Israel,37
1994,Italy,18
1994,Ivory Coast,1
1994,Jamaica,2
1994,Japan,9
1994,Jordan,6
1994,Kenya,5
1994,Kuwait,2
1994,Laos,1
1994,Latvia,2
1994,Lebanon,41
1994,Lesotho,2
1994,Liberia,3
1994,Luxembourg,3
1994,Macedonia,1
1994,Mali,9
1994,Mexico,39
1994,Moldova,1
1994,Morocco,2
1994,Mozambique,3
1994,Myanmar,6
1994,Namibia,1
1994,Nepal,2
1994,Netherlands,3
1994,New Zealand,1
1994,Nicaragua,18
1994,Niger,6
1994,Nigeria,8
1994,North Korea,1
1994,Norway,2
1994,Pakistan,151
1994,Panama,3
1994,Papua New Guinea,2
1994,Paraguay,2
1994,Peru,89
1994,Philippines,60
1994,Poland,4
1994,Portugal,1
1994,Republic of the Congo,8
1994,Russia,45
1994,Rwanda,32
1994,Saudi Arabia,2
1994,Senegal,2
1994,Sierra Leone,17
1994,Singapore,1
1994,Slovak Republic,1
1994,Somalia,56
1994,South Africa,162
1994,South Korea,2
1994,Spain,52
1994,Sri Lanka,33
1994,Sudan,5
1994,Suriname,1
1994,Sweden,1
1994,Taiwan,5
1994,Tajikistan,23
1994,Thailand,19
1994,Togo,12
1994,Trinidad and Tobago,1
1994,Tunisia,1
1994,Turkey,219
1994,Uganda,12
1994,Ukraine,10
1994,United Kingdom,249
1994,United States,55
1994,Uruguay,4
1994,Venezuela,12
1994,Vietnam,1
1994,Wallis and Futuna,1
1994,West Bank and Gaza Strip,166
1994,Yemen,16
1994,Yugoslavia,1
1994,Zaire,6
1994,Zimbabwe,1
1995,Afghanistan,5
1995,Algeria,172
1995,Angola,7
1995,Argentina,12
1995,Armenia,1
1995,Australia,5
1995,Austria,12
1995,Azerbaijan,2
1995,Bahrain,5
1995,Bangladesh,70
1995,Belgium,1
1995,Benin,1
1995,Bolivia,2
1995,Bosnia-Herzegovina,6
1995,Brazil,20
1995,Bulgaria,2
1995,Burundi,75
1995,Cambodia,11
1995,Cameroon,1
1995,Canada,5
1995,Chad,3
1995,Chile,14
1995,China,8
1995,Colombia,109
1995,Croatia,1
1995,Cyprus,2
1995,Czech Republic,3
1995,Denmark,6
1995,Djibouti,2
1995,Ecuador,6
1995,Egypt,101
1995,El Salvador,9
1995,Estonia,2
1995,Ethiopia,5
1995,Finland,1
1995,France,71
1995,French Polynesia,3
1995,Gambia,1
1995,Georgia,17
1995,Germany,132
1995,Greece,7
1995,Guatemala,58
1995,Haiti,33
1995,Honduras,12
1995,Hong Kong,1
1995,India,117
1995,Indonesia,23
1995,Iran,8
1995,Iraq,11
1995,Ireland,3
1995,Israel,12
1995,Italy,1
1995,Ivory Coast,6
1995,Jamaica,1
1995,Japan,20
1995,Jordan,2
1995,Kenya,3
1995,Latvia,1
1995,Lebanon,27
1995,Libya,1
1995,Lithuania,2
1995,Macau,1
1995,Macedonia,1
1995,Madagascar,3
1995,Mali,1
1995,Malta,2
1995,Mexico,28
1995,Morocco,1
1995,Mozambique,3
1995,Myanmar,10
1995,Netherlands,7
1995,Nicaragua,18
1995,Niger,2
1995,Nigeria,1
1995,Pakistan,660
1995,Panama,6
1995,Papua New Guinea,10
1995,Paraguay,12
1995,Peru,41
1995,Philippines,54
1995,Poland,4
1995,Portugal,3
1995,Romania,1
1995,Russia,37
1995,Rwanda,13
1995,Saudi Arabia,3
1995,Senegal,5
1995,Sierra Leone,14
1995,Slovak Republic,3
1995,Somalia,13
1995,South Africa,31
1995,South Korea,4
1995,Spain,37
1995,Sri Lanka,116
1995,St. Kitts and Nevis,1
1995,Sudan,3
1995,Swaziland,1
1995,Sweden,1
1995,Switzerland,5
1995,Taiwan,4
1995,Tajikistan,32
1995,Tanzania,1
1995,Thailand,9
1995,Togo,1
1995,Trinidad and Tobago,4
1995,Tunisia,1
1995,Turkey,126
1995,Uganda,6
1995,Ukraine,2
1995,United Arab Emirates,2
1995,United Kingdom,22
1995,United States,60
1995,Uruguay,1
1995,Uzbekistan,1
1995,Venezuela,9
1995,Vietnam,1
1995,West Bank and Gaza Strip,50
1995,Yemen,7
1995,Yugoslavia,3
1995,Zaire,4
1995,Zambia,1
1995,Zimbabwe,2
1996,Afghanistan,3
1996,Albania,6
1996,Algeria,128
1996,Angola,4
1996,Argentina,19
1996,Armenia,1
1996,Australia,5
1996,Austria,4
1996,Azerbaijan,2
1996,Bahrain,16
1996,Bangladesh,128
1996,Benin,1
1996,Bolivia,1
1996,Bosnia-Herzegovina,33
1996,Brazil,17
1996,Bulgaria,12
1996,Burundi,30
1996,Cambodia,15
1996,Canada,1
1996,Central African Republic,1
1996,Chad,1
1996,Chile,8
1996,China,12
1996,Colombia,279
1996,Costa Rica,1
1996,Croatia,3
1996,Cuba,1
1996,Cyprus,10
1996,Czech Republic,3
1996,Dominican Republic,3
1996,Ecuador,4
1996,Egypt,51
1996,El Salvador,6
1996,Eritrea,1
1996,Estonia,1
1996,Ethiopia,7
1996,France,206
1996,French Guiana,2
1996,Gabon,1
1996,Georgia,3
1996,Germany,52
1996,Ghana,2
1996,Greece,20
1996,Guatemala,22
1996,Guinea,1
1996,Haiti,27
1996,Honduras,18
1996,Hong Kong,3
1996,Hungary,13
1996,India,186
1996,Indonesia,64
1996,Iran,2
1996,Iraq,11
1996,Ireland,1
1996,Israel,18
1996,Italy,8
1996,Ivory Coast,1
1996,Jamaica,1
1996,Japan,8
1996,Jordan,2
1996,Kenya,2
1996,Kyrgyzstan,5
1996,Laos,1
1996,Lebanon,30
1996,Liberia,1
1996,Libya,4
1996,Lithuania,3
1996,Macau,10
1996,Madagascar,2
1996,Mauritania,1
1996,Mexico,69
1996,Moldova,2
1996,Morocco,2
1996,Myanmar,8
1996,Nepal,5
1996,Netherlands,6
1996,New Zealand,2
1996,Nicaragua,24
1996,Niger,1
1996,Nigeria,11
1996,Norway,1
1996,Pakistan,178
1996,Panama,2
1996,Papua New Guinea,9
1996,Peru,39
1996,Philippines,55
1996,Poland,6
1996,Qatar,1
1996,Republic of the Congo,1
1996,Russia,64
1996,Rwanda,13
1996,Saudi Arabia,1
1996,Sierra Leone,4
1996,Slovak Republic,5
1996,Slovenia,3
1996,Somalia,15
1996,South Africa,44
1996,South Korea,1
1996,Spain,52
1996,Sri Lanka,163
1996,Sudan,8
1996,Sweden,1
1996,Switzerland,4
1996,Syria,2
1996,Taiwan,5
1996,Tajikistan,21
1996,Thailand,12
1996,Togo,1
1996,Trinidad and Tobago,3
1996,Turkey,53
1996,Uganda,25
1996,Ukraine,3
1996,United Kingdom,36
1996,United States,35
1996,Uruguay,1
1996,Vanuatu,2
1996,Venezuela,11
1996,Vietnam,1
1996,West Bank and Gaza Strip,28
1996,Yemen,7
1996,Yugoslavia,16
1996,Zaire,9
1996,Zambia,3
1997,Afghanistan,1
1997,Albania,41
1997,Algeria,299
1997,Angola,4
1997,Argentina,11
1997,Australia,4
1997,Austria,1
1997,Azerbaijan,1
1997,Bahamas,2
1997,Bahrain,11
1997,Bangladesh,15
1997,Belarus,2
1997,Belgium,2
1997,Bolivia,4
1997,Bosnia-Herzegovina,41
1997,Brazil,38
1997,Bulgaria,3
1997,Burundi,54
1997,Cambodia,16
1997,Canada,2
1997,Chad,1
1997,Chile,6
1997,China,15
1997,Colombia,482
1997,Comoros,2
1997,Costa Rica,1
1997,Croatia,8
1997,Cuba,14
1997,Czech Republic,4
1997,Democratic Republic of the Congo,1
1997,Dominica,1
1997,Dominican Republic,12
1997,Ecuador,3
1997,Egypt,22
1997,El Salvador,2
1997,Ethiopia,6
1997,France,61
1997,French Guiana,2
1997,Gabon,1
1997,Georgia,5
1997,Germany,12
1997,Ghana,1
1997,Greece,21
1997,Guatemala,23
1997,Guyana,1
1997,Haiti,16
1997,Honduras,21
1997,Hungary,17
1997,India,140
1997,Indonesia,23
1997,Iraq,17
1997,Ireland,4
1997,Israel,12
1997,Italy,8
1997,Ivory Coast,1
1997,Jamaica,7
1997,Japan,4
1997,Jordan,3
1997,Kazakhstan,2
1997,Kenya,15
1997,Latvia,2
1997,Lebanon,40
1997,Lithuania,1
1997,Macau,16
1997,Macedonia,2
1997,Madagascar,1
1997,Mali,3
1997,Malta,1
1997,Mexico,74
1997,Moldova,1
1997,Myanmar,35
1997,Nepal,9
1997,Netherlands,1
1997,New Zealand,1
1997,Nicaragua,7
1997,Niger,3
1997,Nigeria,19
1997,Pakistan,204
1997,Panama,6
1997,Papua New Guinea,2
1997,Paraguay,6
1997,Peru,49
1997,Philippines,54
1997,Poland,3
1997,Republic of the Congo,1
1997,Russia,74
1997,Rwanda,32
1997,Senegal,12
1997,Sierra Leone,3
1997,Slovak Republic,4
1997,Slovenia,1
1997,Somalia,17
1997,South Africa,15
1997,Spain,83
1997,Sri Lanka,59
1997,Sudan,3
1997,Suriname,1
1997,Swaziland,1
1997,Sweden,4
1997,Switzerland,1
1997,Syria,1
1997,Taiwan,1
1997,Tajikistan,39
1997,Tanzania,1
1997,Thailand,18
1997,Turkey,34
1997,Uganda,21
1997,Ukraine,2
1997,United Kingdom,76
1997,United States,42
1997,Uruguay,2
1997,Venezuela,39
1997,Vietnam,1
1997,West Bank and Gaza Strip,21
1997,Yemen,15
1997,Yugoslavia,25
1997,Zaire,4
1998,Afghanistan,1
1998,Albania,7
1998,Algeria,131
1998,Angola,14
1998,Armenia,2
1998,Australia,6
1998,Austria,1
1998,Bangladesh,2
1998,Belgium,3
1998,Bosnia-Herzegovina,9
1998,Brazil,2
1998,Bulgaria,2
1998,Burundi,12
1998,Cambodia,4
1998,Cameroon,1
1998,Canada,4
1998,Chad,1
1998,Chile,1
1998,China,2
1998,Colombia,69
1998,Cyprus,1
1998,Democratic Republic of the Congo,4
1998,Ecuador,3
1998,Egypt,3
1998,France,12
1998,Georgia,10
1998,Germany,3
1998,Greece,28
1998,Guyana,2
1998,Haiti,1
1998,Hungary,2
1998,India,58
1998,Indonesia,2
1998,Iran,5
1998,Iraq,7
1998,Ireland,3
1998,Israel,12
1998,Italy,6
1998,Japan,1
1998,Jordan,1
1998,Kenya,2
1998,Latvia,4
1998,Lebanon,21
1998,Macau,6
1998,Macedonia,5
1998,Mexico,1
1998,Nigeria,2
1998,Pakistan,36
1998,Peru,5
1998,Philippines,15
1998,Poland,2
1998,Russia,26
1998,Rwanda,9
1998,Senegal,1
1998,Sierra Leone,7
1998,Slovak Republic,2
1998,Somalia,1
1998,South Africa,6
1998,Spain,17
1998,Sri Lanka,34
1998,Swaziland,1
1998,Switzerland,1
1998,Syria,1
1998,Tajikistan,10
1998,Tanzania,1
1998,Thailand,4
1998,Turkey,21
1998,Uganda,18
1998,United Kingdom,61
1998,United States,31
1998,Venezuela,1
1998,West Bank and Gaza Strip,13
1998,Yemen,6
1998,Yugoslavia,45
1999,Afghanistan,9
1999,Albania,3
1999,Algeria,93
1999,Angola,27
1999,Argentina,1
1999,Armenia,2
1999,Bangladesh,11
1999,Belarus,1
1999,Belgium,2
1999,Bosnia-Herzegovina,5
1999,Brazil,1
1999,Bulgaria,1
1999,Burundi,11
1999,Cambodia,7
1999,Canada,1
1999,Chile,3
1999,China,2
1999,Colombia,100
1999,Democratic Republic of the Congo,3
1999,Denmark,1
1999,Ecuador,1
1999,Egypt,1
1999,Estonia,1
1999,Ethiopia,2
1999,Fiji,3
1999,France,46
1999,Georgia,7
1999,Germany,12
1999,Greece,35
1999,Guatemala,1
1999,Haiti,4
1999,India,106
1999,Indonesia,55
1999,Iran,8
1999,Iraq,9
1999,Ireland,3
1999,Israel,8
1999,Italy,7
1999,Japan,2
1999,Jordan,2
1999,Kosovo,39
1999,Kyrgyzstan,2
1999,Latvia,1
1999,Lebanon,26
1999,Liberia,2
1999,Macedonia,1
1999,Mexico,1
1999,Mozambique,1
1999,Myanmar,3
1999,Namibia,1
1999,Nepal,8
1999,Netherlands,1
1999,Nicaragua,1
1999,Niger,2
1999,Nigeria,9
1999,Pakistan,38
1999,Panama,1
1999,Paraguay,1
1999,Peru,4
1999,Philippines,31
1999,Republic of the Congo,3
1999,Russia,50
1999,Senegal,1
1999,Sierra Leone,6
1999,Slovak Republic,1
1999,Solomon Islands,1
1999,Somalia,3
1999,South Africa,17
1999,Spain,47
1999,Sri Lanka,44
1999,Sudan,5
1999,Swaziland,1
1999,Sweden,2
1999,Switzerland,2
1999,Tajikistan,4
1999,Thailand,4
1999,Turkey,99
1999,Uganda,18
1999,Ukraine,6
1999,United Kingdom,76
1999,United States,51
1999,Uzbekistan,8
1999,Venezuela,3
1999,West Bank and Gaza Strip,11
1999,Yemen,10
1999,Yugoslavia,23
1999,Zambia,7
2000,Afghanistan,12
2000,Albania,2
2000,Algeria,126
2000,Angola,21
2000,Armenia,2
2000,Australia,1
2000,Azerbaijan,1
2000,Bangladesh,23
2000,Belize,1
2000,Bosnia-Herzegovina,6
2000,Brazil,1
2000,Bulgaria,2
2000,Burundi,15
2000,Cambodia,4
2000,Canada,5
2000,Central African Republic,1
2000,Chile,2
2000,China,4
2000,Colombia,118
2000,Croatia,2
2000,Cyprus,2
2000,Democratic Republic of the Congo,1
2000,East Timor,3
2000,Ecuador,4
2000,Ethiopia,1
2000,Fiji,4
2000,France,28
2000,Gambia,1
2000,Georgia,7
2000,Germany,8
2000,Greece,28
2000,Guinea,12
2000,Haiti,9
2000,Hong Kong,2
2000,India,170
2000,Indonesia,97
2000,Iran,14
2000,Iraq,8
2000,Israel,12
2000,Italy,8
2000,Ivory Coast,2
2000,Japan,13
2000,Jordan,2
2000,Kazakhstan,1
2000,Kenya,4
2000,Kosovo,59
2000,Kyrgyzstan,2
2000,Laos,7
2000,Latvia,3
2000,Lebanon,11
2000,Liberia,1
2000,Macedonia,3
2000,Malaysia,3
2000,Mexico,4
2000,Moldova,1
2000,Mozambique,2
2000,Namibia,16
2000,Nepal,23
2000,Netherlands,1
2000,Nicaragua,1
2000,Nigeria,5
2000,Pakistan,48
2000,Panama,1
2000,Paraguay,2
2000,Peru,2
2000,Philippines,126
2000,Qatar,1
2000,Russia,136
2000,Rwanda,1
2000,Saudi Arabia,5
2000,Senegal,4
2000,Sierra Leone,23
2000,Slovak Republic,1
2000,Slovenia,1
2000,Solomon Islands,1
2000,Somalia,9
2000,South Africa,21
2000,Spain,111
2000,Sri Lanka,66
2000,St. Lucia,1
2000,Sudan,6
2000,Sweden,1
2000,Switzerland,4
2000,Tajikistan,5
2000,Tanzania,1
2000,Thailand,2
2000,Turkey,33
2000,Uganda,20
2000,Ukraine,1
2000,United Kingdom,61
2000,United States,42
2000,West Bank and Gaza Strip,27
2000,Yemen,6
2000,Yugoslavia,14
2000,Zambia,8
2001,Afghanistan,12
2001,Albania,1
2001,Algeria,104
2001,Angola,39
2001,Argentina,2
2001,Armenia,2
2001,Australia,2
2001,Azerbaijan,3
2001,Bangladesh,15
2001,Belarus,1
2001,Bosnia-Herzegovina,2
2001,Brazil,3
2001,Bulgaria,1
2001,Burundi,34
2001,Cambodia,6
2001,Chile,3
2001,China,12
2001,Colombia,189
2001,Croatia,3
2001,Cyprus,1
2001,Czech Republic,1
2001,Democratic Republic of the Congo,5
2001,Ecuador,5
2001,Estonia,1
2001,Fiji,1
2001,France,21
2001,Georgia,4
2001,Germany,8
2001,Greece,14
2001,Guatemala,2
2001,Guinea-Bissau,1
2001,Guyana,1
2001,Haiti,5
2001,Hong Kong,1
2001,Hungary,1
2001,India,227
2001,Indonesia,102
2001,Iran,4
2001,Iraq,3
2001,Ireland,2
2001,Israel,68
2001,Italy,11
2001,Ivory Coast,1
2001,Japan,3
2001,Jordan,2
2001,Kazakhstan,1
2001,Kenya,7
2001,Kosovo,17
2001,Kuwait,2
2001,Kyrgyzstan,1
2001,Laos,1
2001,Lebanon,5
2001,Liberia,3
2001,Macedonia,64
2001,Malaysia,1
2001,Mexico,7
2001,Montenegro,1
2001,Myanmar,2
2001,Namibia,5
2001,Nepal,33
2001,Netherlands,1
2001,New Zealand,1
2001,Nigeria,4
2001,Norway,1
2001,Pakistan,52
2001,Peru,3
2001,Philippines,45
2001,Poland,1
2001,Qatar,1
2001,Republic of the Congo,1
2001,Russia,133
2001,Saudi Arabia,3
2001,Senegal,6
2001,Somalia,5
2001,South Korea,1
2001,Spain,79
2001,Sri Lanka,35
2001,Sudan,9
2001,Switzerland,2
2001,Taiwan,2
2001,Tajikistan,5
2001,Tanzania,3
2001,Thailand,7
2001,Tunisia,1
2001,Turkey,18
2001,Uganda,24
2001,United Kingdom,94
2001,United States,47
2001,Venezuela,5
2001,West Bank and Gaza Strip,124
2001,Yemen,5
2001,Yugoslavia,19
2001,Zimbabwe,3
2002,Afghanistan,36
2002,Algeria,125
2002,Angola,4
2002,Azerbaijan,1
2002,Bangladesh,5
2002,Belgium,3
2002,Bosnia-Herzegovina,3
2002,Brazil,1
2002,Bulgaria,1
2002,Burundi,17
2002,Cambodia,2
2002,Chad,2
2002,Chile,1
2002,China,2
2002,Colombia,132
2002,Democratic Republic of the Congo,7
2002,Ecuador,2
2002,Ethiopia,3
2002,France,26
2002,Georgia,2
2002,Germany,3
2002,Greece,11
2002,Guyana,1
2002,Haiti,2
2002,Honduras,1
2002,India,179
2002,Indonesia,42
2002,International,1
2002,Iraq,5
2002,Israel,71
2002,Italy,6
2002,Ivory Coast,1
2002,Japan,2
2002,Jordan,2
2002,Kenya,2
2002,Kosovo,5
2002,Kuwait,1
2002,Kyrgyzstan,2
2002,Lebanon,8
2002,Liberia,3
2002,Macedonia,8
2002,Madagascar,5
2002,Malawi,1
2002,Myanmar,3
2002,Nepal,58
2002,Netherlands,2
2002,Nigeria,6
2002,Pakistan,46
2002,Papua New Guinea,1
2002,Peru,2
2002,Philippines,44
2002,Republic of the Congo,3
2002,Russia,89
2002,Saudi Arabia,2
2002,Senegal,3
2002,Solomon Islands,1
2002,Somalia,3
2002,South Africa,8
2002,Spain,38
2002,Sri Lanka,3
2002,Sudan,11
2002,Thailand,12
2002,Tunisia,1
2002,Turkey,5
2002,Turkmenistan,1
2002,Uganda,24
2002,Ukraine,3
2002,United Kingdom,21
2002,United States,33
2002,Venezuela,5
2002,West Bank and Gaza Strip,85
2002,Yemen,7
2002,Yugoslavia,3
2002,Zambia,1
2002,Zimbabwe,7
2003,Afghanistan,95
2003,Albania,1
2003,Algeria,65
2003,Argentina,1
2003,Bahrain,1
2003,Bangladesh,4
2003,Belgium,8
2003,Bolivia,1
2003,Bosnia-Herzegovina,1
2003,Brazil,1
2003,Burundi,18
2003,Cambodia,1
2003,Chile,2
2003,China,3
2003,Colombia,87
2003,Czech Republic,1
2003,Democratic Republic of the Congo,6
2003,East Timor,2
2003,Ecuador,4
2003,Ethiopia,1
2003,France,32
2003,Georgia,5
2003,Germany,2
2003,Greece,12
2003,Guatemala,3
2003,Guinea-Bissau,1
2003,Guyana,1
2003,Haiti,5
2003,India,191
2003,Indonesia,17
2003,Iran,2
2003,Iraq,97
2003,Ireland,1
2003,Israel,34
2003,Italy,14
2003,Japan,2
2003,Kenya,2
2003,Kosovo,8
2003,Kuwait,3
2003,Kyrgyzstan,1
2003,Laos,2
2003,Lebanon,5
2003,Liberia,2
2003,Macedonia,5
2003,Mexico,1
2003,Morocco,5
2003,Myanmar,9
2003,Nepal,15
2003,Netherlands,3
2003,New Zealand,3
2003,Nigeria,7
2003,Norway,1
2003,Pakistan,28
2003,Peru,1
2003,Philippines,103
2003,Russia,75
2003,Saudi Arabia,7
2003,Serbia-Montenegro,6
2003,Solomon Islands,1
2003,Somalia,1
2003,South Korea,1
2003,Spain,21
2003,Sri Lanka,8
2003,Swaziland,1
2003,Switzerland,1
2003,Thailand,6
2003,Turkey,19
2003,Uganda,30
2003,Ukraine,1
2003,United Kingdom,23
2003,United States,33
2003,Venezuela,8
2003,West Bank and Gaza Strip,48
2003,Yemen,4
2003,Zimbabwe,1
2004,Afghanistan,79
2004,Algeria,65
2004,Bangladesh,11
2004,Burundi,1
2004,Canada,1
2004,China,2
2004,Colombia,35
2004,Cyprus,1
2004,Democratic Republic of the Congo,4
2004,Djibouti,1
2004,Ecuador,2
2004,Egypt,3
2004,Ethiopia,2
2004,France,9
2004,Georgia,3
2004,Germany,3
2004,Greece,4
2004,Guatemala,2
2004,Haiti,2
2004,Honduras,1
2004,India,103
2004,Indonesia,16
2004,Iraq,306
2004,Israel,18
2004,Italy,3
2004,Ivory Coast,1
2004,Kosovo,1
2004,Lebanon,1
2004,Mauritania,1
2004,Mexico,1
2004,Myanmar,2
2004,Nepal,60
2004,Netherlands,1
2004,Nigeria,6
2004,Pakistan,66
2004,Peru,3
2004,Philippines,28
2004,Russia,44
2004,Saudi Arabia,17
2004,Serbia-Montenegro,1
2004,Somalia,1
2004,Spain,31
2004,Sri Lanka,32
2004,Syria,1
2004,Taiwan,2
2004,Tanzania,1
2004,Thailand,28
2004,Turkey,25
2004,Uganda,10
2004,United Kingdom,5
2004,United States,9
2004,Uzbekistan,5
2004,West Bank and Gaza Strip,34
2005,Afghanistan,134
2005,Algeria,100
2005,Argentina,3
2005,Bangladesh,22
2005,Bolivia,1
2005,Bosnia-Herzegovina,1
2005,Burundi,5
2005,China,1
2005,Colombia,39
2005,Croatia,1
2005,Democratic Republic of the Congo,5
2005,East Timor,1
2005,Egypt,2
2005,Ethiopia,5
2005,France,33
2005,Georgia,6
2005,Germany,3
2005,Greece,6
2005,Guinea,1
2005,Guinea-Bissau,4
2005,Hong Kong,1
2005,India,134
2005,Indonesia,14
2005,Iran,5
2005,Iraq,597
2005,Israel,27
2005,Italy,6
2005,Ivory Coast,1
2005,Jordan,4
2005,Kenya,2
2005,Kosovo,7
2005,Kyrgyzstan,2
2005,Lebanon,17
2005,Mauritania,1
2005,Mexico,1
2005,Myanmar,8
2005,Nepal,67
2005,Nigeria,8
2005,Pakistan,72
2005,Peru,2
2005,Philippines,25
2005,Qatar,1
2005,Russia,63
2005,Rwanda,1
2005,Saudi Arabia,1
2005,Senegal,1
2005,Serbia-Montenegro,2
2005,Somalia,6
2005,Spain,21
2005,Sri Lanka,130
2005,Sudan,5
2005,Sweden,3
2005,Tajikistan,1
2005,Thailand,132
2005,Togo,1
2005,Trinidad and Tobago,2
2005,Turkey,38
2005,Uganda,11
2005,United Kingdom,29
2005,United States,21
2005,Uruguay,1
2005,Uzbekistan,2
2005,West Bank and Gaza Strip,45
2006,Afghanistan,242
2006,Algeria,149
2006,Australia,2
2006,Austria,1
2006,Bahrain,1
2006,Bangladesh,23
2006,Belarus,1
2006,Bhutan,1
2006,Bosnia-Herzegovina,1
2006,Brazil,3
2006,Burundi,5
2006,Canada,2
2006,Central African Republic,1
2006,Chad,10
2006,Chile,1
2006,Colombia,42
2006,Democratic Republic of the Congo,5
2006,Egypt,5
2006,Ethiopia,11
2006,France,32
2006,Georgia,3
2006,Germany,4
2006,Greece,23
2006,Guatemala,4
2006,Guinea-Bissau,1
2006,Guyana,2
2006,Haiti,1
2006,India,147
2006,Indonesia,10
2006,Iran,13
2006,Iraq,822
2006,Ireland,1
2006,Israel,73
2006,Italy,4
2006,Ivory Coast,3
2006,Jordan,1
2006,Kenya,2
2006,Kosovo,6
2006,Kyrgyzstan,3
2006,Lebanon,6
2006,Lesotho,1
2006,Macedonia,3
2006,Madagascar,1
2006,Maldives,1
2006,Mexico,7
2006,Myanmar,2
2006,Nepal,83
2006,Nigeria,28
2006,Norway,1
2006,Pakistan,158
2006,Peru,1
2006,Philippines,50
2006,Russia,55
2006,Saudi Arabia,3
2006,Serbia-Montenegro,2
2006,Somalia,9
2006,South Korea,1
2006,Spain,21
2006,Sri Lanka,213
2006,Sudan,17
2006,Swaziland,1
2006,Sweden,1
2006,Syria,1
2006,Thailand,129
2006,Turkey,41
2006,United Kingdom,6
2006,United States,6
2006,West Bank and Gaza Strip,32
2007,Afghanistan,283
2007,Algeria,120
2007,Armenia,1
2007,Austria,1
2007,Azerbaijan,1
2007,Bangladesh,9
2007,Belgium,1
2007,Bolivia,3
2007,Bosnia-Herzegovina,2
2007,Burundi,2
2007,Cameroon,1
2007,Central African Republic,1
2007,Chad,7
2007,Chile,8
2007,Colombia,27
2007,Cuba,1
2007,Cyprus,1
2007,Democratic Republic of the Congo,11
2007,East Timor,1
2007,Eritrea,1
2007,Ethiopia,5
2007,Finland,1
2007,France,15
2007,Germany,3
2007,Greece,15
2007,Haiti,2
2007,India,139
2007,Indonesia,2
2007,Iran,7
2007,Iraq,1028
2007,Ireland,1
2007,Israel,43
2007,Ivory Coast,1
2007,Jamaica,1
2007,Kenya,7
2007,Kosovo,5
2007,Kyrgyzstan,1
2007,Latvia,1
2007,Lebanon,18
2007,Maldives,1
2007,Mali,4
2007,Mexico,8
2007,Montenegro,1
2007,Morocco,6
2007,Myanmar,2
2007,Nepal,90
2007,Niger,6
2007,Nigeria,40
2007,Pakistan,255
2007,Papua New Guinea,1
2007,Peru,4
2007,Philippines,61
2007,Russia,51
2007,Saudi Arabia,1
2007,Somalia,151
2007,South Africa,2
2007,Spain,11
2007,Sri Lanka,132
2007,Sudan,17
2007,Switzerland,2
2007,Tajikistan,1
2007,Thailand,197
2007,Tunisia,1
2007,Turkey,25
2007,Uganda,1
2007,Ukraine,1
2007,United Kingdom,20
2007,United States,8
2007,Venezuela,1
2007,West Bank and Gaza Strip,81
2008,Afghanistan,358
2008,Algeria,99
2008,Australia,3
2008,Austria,7
2008,Azerbaijan,2
2008,Bahrain,1
2008,Bangladesh,18
2008,Belarus,1
2008,Bhutan,1
2008,Bosnia-Herzegovina,4
2008,Bulgaria,2
2008,Burundi,7
2008,Cambodia,2
2008,Cameroon,1
2008,Canada,5
2008,Central African Republic,2
2008,Chad,7
2008,Chile,4
2008,China,20
2008,Colombia,130
2008,Croatia,2
2008,Czech Republic,2
2008,Democratic Republic of the Congo,19
2008,Denmark,1
2008,East Timor,1
2008,Ecuador,2
2008,Egypt,1
2008,Ethiopia,6
2008,Finland,1
2008,France,13
2008,Georgia,32
2008,Germany,3
2008,Greece,53
2008,Guyana,3
2008,Hong Kong,1
2008,Hungary,2
2008,India,529
2008,Indonesia,11
2008,Iran,8
2008,Iraq,1099
2008,Ireland,5
2008,Israel,118
2008,Italy,2
2008,Japan,3
2008,Kazakhstan,1
2008,Kenya,10
2008,Kosovo,11
2008,Lebanon,56
2008,Liberia,1
2008,Libya,1
2008,Macedonia,8
2008,Malaysia,2
2008,Maldives,1
2008,Mali,8
2008,Mauritania,2
2008,Mexico,8
2008,Myanmar,19
2008,Nepal,119
2008,Netherlands,1
2008,New Zealand,5
2008,Niger,8
2008,Nigeria,63
2008,Pakistan,560
2008,Peru,1
2008,Philippines,268
2008,Romania,1
2008,Russia,170
2008,Rwanda,1
2008,Senegal,1
2008,Serbia,4
2008,Somalia,167
2008,South Africa,1
2008,Spain,36
2008,Sri Lanka,99
2008,Sudan,21
2008,Swaziland,3
2008,Sweden,1
2008,Syria,1
2008,Taiwan,1
2008,Tanzania,1
2008,Thailand,151
2008,Tunisia,1
2008,Turkey,29
2008,Uganda,6
2008,Ukraine,1
2008,United Kingdom,39
2008,United States,18
2008,Venezuela,1
2008,West Bank and Gaza Strip,65
2009,Afghanistan,446
2009,Albania,1
2009,Algeria,105
2009,Angola,1
2009,Argentina,1
2009,Armenia,1
2009,Australia,1
2009,Austria,3
2009,Azerbaijan,2
2009,Bangladesh,26
2009,Belgium,1
2009,Bolivia,3
2009,Bosnia-Herzegovina,1
2009,Cameroon,1
2009,Canada,4
2009,Central African Republic,4
2009,Chad,2
2009,Chile,8
2009,China,7
2009,Colombia,137
2009,Croatia,1
2009,Czech Republic,1
2009,Democratic Republic of the Congo,53
2009,Ecuador,1
2009,Egypt,2
2009,Equatorial Guinea,1
2009,Eritrea,1
2009,Ethiopia,2
2009,France,9
2009,Georgia,25
2009,Germany,4
2009,Greece,115
2009,Guinea-Bissau,1
2009,Honduras,8
2009,Hungary,1
2009,India,663
2009,Indonesia,16
2009,Iran,15
2009,Iraq,1125
2009,Israel,36
2009,Italy,4
2009,Japan,1
2009,Kenya,1
2009,Kosovo,1
2009,Lebanon,14
2009,Lesotho,1
2009,Macedonia,1
2009,Madagascar,1
2009,Malaysia,1
2009,Mali,5
2009,Mauritania,3
2009,Mexico,1
2009,Moldova,1
2009,Myanmar,11
2009,Nepal,39
2009,Netherlands,1
2009,Niger,4
2009,Nigeria,38
2009,Pakistan,662
2009,Panama,1
2009,Peru,2
2009,Philippines,226
2009,Russia,152
2009,Rwanda,1
2009,Saudi Arabia,3
2009,Senegal,1
2009,Serbia,3
2009,Somalia,118
2009,Spain,21
2009,Sri Lanka,34
2009,Sudan,23
2009,Sweden,1
2009,Tajikistan,1
2009,Thailand,221
2009,Turkey,12
2009,Uganda,2
2009,Ukraine,2
2009,United Kingdom,23
2009,United States,12
2009,Uzbekistan,2
2009,Venezuela,3
2009,West Bank and Gaza Strip,9
2010,Afghanistan,506
2010,Algeria,97
2010,Angola,1
2010,Argentina,5
2010,Australia,1
2010,Bahrain,2
2010,Bangladesh,22
2010,Belarus,2
2010,Bosnia-Herzegovina,1
2010,Burundi,29
2010,Cameroon,3
2010,Canada,2
2010,Central African Republic,12
2010,Chad,1
2010,Chile,5
2010,China,1
2010,Colombia,135
2010,Democratic Republic of the Congo,18
2010,Denmark,1
2010,Egypt,2
2010,Eritrea,1
2010,Ethiopia,2
2010,France,3
2010,Georgia,7
2010,Germany,1
2010,Greece,49
2010,India,658
2010,Indonesia,3
2010,Iran,14
2010,Iraq,1177
2010,Ireland,4
2010,Israel,13
2010,Italy,10
2010,Ivory Coast,7
2010,Jordan,2
2010,Kenya,10
2010,Kosovo,1
2010,Kyrgyzstan,1
2010,Lebanon,5
2010,Mali,1
2010,Mauritania,1
2010,Mexico,5
2010,Myanmar,11
2010,Nepal,38
2010,Netherlands,1
2010,Niger,3
2010,Nigeria,54
2010,Norway,1
2010,Pakistan,712
2010,Paraguay,2
2010,Philippines,202
2010,Poland,1
2010,Russia,251
2010,Rwanda,8
2010,Senegal,1
2010,Serbia,1
2010,Somalia,129
2010,Spain,3
2010,Sri Lanka,3
2010,Sudan,25
2010,Sweden,3
2010,Tajikistan,1
2010,Tanzania,1
2010,Thailand,225
2010,Trinidad and Tobago,1
2010,Turkey,17
2010,Uganda,6
2010,Ukraine,4
2010,United Arab Emirates,2
2010,United Kingdom,57
2010,United States,17
2010,West Bank and Gaza Strip,11
2011,Afghanistan,334
2011,Algeria,14
2011,Argentina,1
2011,Austria,1
2011,Bahrain,1
2011,Bangladesh,13
2011,Belarus,1
2011,Bhutan,1
2011,Bosnia-Herzegovina,1
2011,Bulgaria,2
2011,Burundi,7
2011,Cameroon,3
2011,Central African Republic,3
2011,Chile,5
2011,China,4
2011,Colombia,92
2011,Czech Republic,1
2011,Democratic Republic of the Congo,14
2011,Ecuador,1
2011,Egypt,16
2011,Eritrea,1
2011,Estonia,1
2011,Ethiopia,2
2011,France,8
2011,Georgia,3
2011,Germany,8
2011,Greece,10
2011,Honduras,1
2011,India,635
2011,Indonesia,17
2011,Iran,11
2011,Iraq,1300
2011,Ireland,4
2011,Israel,48
2011,Italy,5
2011,Ivory Coast,3
2011,Kazakhstan,5
2011,Kenya,40
2011,Kosovo,1
2011,Kuwait,1
2011,Kyrgyzstan,1
2011,Lebanon,10
2011,Madagascar,1
2011,Mali,3
2011,Mauritania,1
2011,Mexico,2
2011,Morocco,1
2011,Myanmar,2
2011,Nepal,46
2011,Netherlands,2
2011,Niger,2
2011,Nigeria,173
2011,Norway,3
2011,Pakistan,1006
2011,Paraguay,4
2011,Philippines,148
2011,Portugal,2
2011,Russia,183
2011,Rwanda,2
2011,Saudi Arabia,1
2011,Senegal,2
2011,Somalia,183
2011,Sudan,32
2011,Sweden,1
2011,Switzerland,3
2011,Syria,44
2011,Thailand,152
2011,Tunisia,3
2011,Turkey,50
2011,Ukraine,3
2011,United Kingdom,46
2011,United States,10
2011,West Bank and Gaza Strip,18
2012,Afghanistan,1317
2012,Algeria,34
2012,Argentina,2
2012,Bahrain,25
2012,Bangladesh,18
2012,Belarus,3
2012,Belgium,1
2012,Bolivia,1
2012,Brazil,1
2012,Bulgaria,2
2012,Burundi,4
2012,Canada,3
2012,Central African Republic,3
2012,Chile,2
2012,China,4
2012,Colombia,98
2012,Cyprus,1
2012,Democratic Republic of the Congo,24
2012,Ecuador,1
2012,Egypt,43
2012,Ethiopia,2
2012,France,13
2012,Georgia,3
2012,Germany,5
2012,Greece,23
2012,Guatemala,1
2012,Guinea-Bissau,1
2012,Iceland,1
2012,India,593
2012,Indonesia,39
2012,Iran,5
2012,Iraq,1389
2012,Ireland,29
2012,Israel,36
2012,Italy,10
2012,Ivory Coast,16
2012,Jordan,2
2012,Kazakhstan,4
2012,Kenya,77
2012,Kosovo,4
2012,Lebanon,15
2012,Liberia,1
2012,Libya,55
2012,Macedonia,1
2012,Madagascar,1
2012,Malaysia,2
2012,Maldives,1
2012,Mali,18
2012,Mexico,14
2012,Moldova,1
2012,Mozambique,1
2012,Myanmar,15
2012,Nepal,45
2012,Niger,1
2012,Nigeria,599
2012,Pakistan,1646
2012,Paraguay,2
2012,Peru,9
2012,Philippines,241
2012,Russia,146
2012,Rwanda,6
2012,Saudi Arabia,6
2012,Senegal,9
2012,Serbia,3
2012,Somalia,313
2012,South Africa,4
2012,South Sudan,5
2012,Spain,1
2012,Sri Lanka,4
2012,Sudan,34
2012,Sweden,2
2012,Syria,161
2012,Tajikistan,5
2012,Thailand,271
2012,Tunisia,3
2012,Turkey,152
2012,Uganda,4
2012,Ukraine,8
2012,United Kingdom,54
2012,United States,20
2012,Venezuela,1
2012,West Bank and Gaza Strip,19
2013,Afghanistan,1245
2013,Algeria,20
2013,Argentina,2
2013,Armenia,1
2013,Australia,1
2013,Bahamas,1
2013,Bahrain,49
2013,Bangladesh,136
2013,Belize,1
2013,Bosnia-Herzegovina,1
2013,Brazil,3
2013,Bulgaria,3
2013,Burkina Faso,1
2013,Burundi,2
2013,Cambodia,2
2013,Cameroon,3
2013,Canada,4
2013,Central African Republic,17
2013,Chile,4
2013,China,12
2013,Colombia,123
2013,Croatia,2
2013,Cyprus,9
2013,Czech Republic,1
2013,Democratic Republic of the Congo,20
2013,Denmark,1
2013,Dominican Republic,1
2013,Ecuador,2
2013,Egypt,287
2013,Ethiopia,5
2013,France,18
2013,Georgia,1
2013,Greece,54
2013,Guatemala,3
2013,Guinea,2
2013,Honduras,1
2013,India,683
2013,Indonesia,31
2013,Iran,7
2013,Iraq,2705
2013,Ireland,27
2013,Israel,34
2013,Italy,7
2013,Ivory Coast,3
2013,Japan,1
2013,Jordan,1
2013,Kazakhstan,4
2013,Kenya,79
2013,Kosovo,6
2013,Lebanon,119
2013,Libya,284
2013,Madagascar,2
2013,Malaysia,13
2013,Maldives,2
2013,Mali,53
2013,Mexico,7
2013,Montenegro,2
2013,Mozambique,17
2013,Myanmar,17
2013,Nepal,104
2013,Niger,4
2013,Nigeria,337
2013,Pakistan,2187
2013,Paraguay,8
2013,Peru,13
2013,Philippines,637
2013,Republic of the Congo,1
2013,Russia,138
2013,Rwanda,4
2013,Saudi Arabia,5
2013,Senegal,2
2013,Somalia,333
2013,South Africa,12
2013,South Sudan,10
2013,Spain,5
2013,Sri Lanka,12
2013,Sudan,37
2013,Switzerland,2
2013,Syria,256
2013,Taiwan,2
2013,Tanzania,7
2013,Thailand,437
2013,Trinidad and Tobago,3
2013,Tunisia,27
2013,Turkey,35
2013,Ukraine,5
2013,United Arab Emirates,1
2013,United Kingdom,137
2013,United States,20
2013,Venezuela,1
2013,West Bank and Gaza Strip,62
2014,Afghanistan,1620
2014,Albania,2
2014,Algeria,12
2014,Argentina,1
2014,Australia,8
2014,Azerbaijan,3
2014,Bahrain,39
2014,Bangladesh,130
2014,Belgium,2
2014,Bhutan,1
2014,Bosnia-Herzegovina,3
2014,Brazil,3
2014,Bulgaria,1
2014,Burundi,5
2014,Cameroon,56
2014,Canada,3
2014,Central African Republic,89
2014,Chile,15
2014,China,37
2014,Colombia,204
2014,Cyprus,5
2014,Czech Republic,5
2014,Democratic Republic of the Congo,109
2014,Djibouti,1
2014,Dominican Republic,1
2014,Egypt,295
2014,Ethiopia,2
2014,France,14
2014,Georgia,1
2014,Germany,13
2014,Ghana,1
2014,Greece,26
2014,Honduras,1
2014,Hungary,1
2014,Iceland,1
2014,India,850
2014,Indonesia,32
2014,Iran,8
2014,Iraq,3850
2014,Ireland,33
2014,Israel,264
2014,Italy,7
2014,Ivory Coast,1
2014,Jamaica,1
2014,Japan,5
2014,Jordan,2
2014,Kenya,113
2014,Kosovo,4
2014,Kyrgyzstan,2
2014,Lebanon,204
2014,Liberia,1
2014,Libya,722
2014,Macedonia,3
2014,Madagascar,1
2014,Malaysia,12
2014,Maldives,9
2014,Mali,64
2014,Malta,1
2014,Mexico,5
2014,Mozambique,21
2014,Myanmar,16
2014,Nepal,7
2014,Netherlands,1
2014,New Zealand,1
2014,Nicaragua,1
2014,Niger,5
2014,Nigeria,698
2014,Pakistan,2142
2014,Paraguay,12
2014,Peru,11
2014,Philippines,581
2014,Russia,46
2014,Rwanda,2
2014,Saudi Arabia,13
2014,Senegal,1
2014,Somalia,853
2014,South Africa,20
2014,South Sudan,40
2014,Spain,4
2014,Sri Lanka,16
2014,Sudan,152
2014,Sweden,5
2014,Syria,300
2014,Taiwan,1
2014,Tajikistan,1
2014,Tanzania,11
2014,Thailand,414
2014,Tunisia,16
2014,Turkey,76
2014,Uganda,6
2014,Ukraine,856
2014,United Arab Emirates,2
2014,United Kingdom,103
2014,United States,29
2014,Venezuela,4
2014,West Bank and Gaza Strip,106
2015,Afghanistan,1768
2015,Albania,4
2015,Algeria,13
2015,Argentina,1
2015,Armenia,2
2015,Australia,14
2015,Bahrain,17
2015,Bangladesh,467
2015,Bosnia-Herzegovina,6
2015,Brazil,4
2015,Bulgaria,2
2015,Burkina Faso,5
2015,Burundi,102
2015,Cameroon,80
2015,Canada,5
2015,Central African Republic,45
2015,Chad,25
2015,Chile,1
2015,China,17
2015,Colombia,120
2015,Cyprus,3
2015,Czech Republic,4
2015,Democratic Republic of the Congo,140
2015,Denmark,5
2015,Djibouti,1
2015,Ecuador,1
2015,Egypt,570
2015,Estonia,2
2015,Ethiopia,7
2015,Finland,9
2015,France,37
2015,Georgia,1
2015,Germany,66
2015,Greece,30
2015,Guinea,2
2015,Hungary,1
2015,India,868
2015,Indonesia,28
2015,Iran,8
2015,Iraq,2693
2015,Ireland,27
2015,Israel,50
2015,Italy,5
2015,Ivory Coast,4
2015,Japan,10
2015,Jordan,2
2015,Kenya,61
2015,Kosovo,2
2015,Kuwait,1
2015,Kyrgyzstan,3
2015,Laos,1
2015,Lebanon,44
2015,Lesotho,1
2015,Libya,519
2015,Macedonia,4
2015,Malaysia,5
2015,Maldives,2
2015,Mali,110
2015,Malta,1
2015,Mexico,18
2015,Montenegro,1
2015,Morocco,1
2015,Mozambique,8
2015,Myanmar,32
2015,Nepal,45
2015,Netherlands,3
2015,Niger,37
2015,Nigeria,620
2015,Pakistan,1237
2015,Paraguay,15
2015,Peru,9
2015,Philippines,707
2015,Qatar,1
2015,Russia,19
2015,Saudi Arabia,58
2015,Senegal,1
2015,Somalia,413
2015,South Africa,5
2015,South Korea,1
2015,South Sudan,45
2015,Spain,1
2015,Sri Lanka,11
2015,Sudan,150
2015,Sweden,31
2015,Syria,467
2015,Tajikistan,2
2015,Tanzania,14
2015,Thailand,273
2015,Trinidad and Tobago,1
2015,Tunisia,15
2015,Turkey,375
2015,Uganda,10
2015,Ukraine,626
2015,United Kingdom,115
2015,United States,38
2015,Uzbekistan,1
2015,Venezuela,3
2015,West Bank and Gaza Strip,238
2015,Yemen,568
2016,Afghanistan,1522
2016,Albania,2
2016,Algeria,7
2016,Argentina,2
2016,Armenia,2
2016,Australia,9
2016,Austria,3
2016,Azerbaijan,2
2016,Bahrain,3
2016,Bangladesh,87
2016,Belgium,6
2016,Brazil,2
2016,Bulgaria,1
2016,Burkina Faso,10
2016,Burundi,81
2016,Cameroon,54
2016,Canada,6
2016,Central African Republic,35
2016,Chad,4
2016,Chile,10
2016,China,5
2016,Colombia,97
2016,Cyprus,2
2016,Czech Republic,2
2016,Democratic Republic of the Congo,158
2016,Denmark,1
2016,Ecuador,4
2016,Egypt,339
2016,Ethiopia,13
2016,Finland,3
2016,France,26
2016,Georgia,4
2016,Germany,42
2016,Ghana,1
2016,Greece,30
2016,Guinea,1
2016,Guyana,1
2016,Haiti,1
2016,Honduras,1
2016,Hungary,1
2016,India,1017
2016,Indonesia,19
2016,Iran,8
2016,Iraq,3314
2016,Ireland,15
2016,Israel,35
2016,Italy,11
2016,Ivory Coast,1
2016,Japan,1
2016,Jordan,9
2016,Kazakhstan,3
2016,Kenya,62
2016,Kosovo,8
2016,Kuwait,1
2016,Kyrgyzstan,4
2016,Laos,3
2016,Lebanon,40
2016,Libya,388
2016,Madagascar,1
2016,Malaysia,17
2016,Maldives,1
2016,Mali,85
2016,Mexico,5
2016,Moldova,1
2016,Mozambique,73
2016,Myanmar,70
2016,Nepal,43
2016,Netherlands,6
2016,New Zealand,1
2016,Niger,22
2016,Nigeria,499
2016,Pakistan,862
2016,Panama,1
2016,Paraguay,14
2016,Peru,3
2016,Philippines,620
2016,Poland,2
2016,Republic of the Congo,14
2016,Russia,53
2016,Rwanda,1
2016,Saudi Arabia,100
2016,Sierra Leone,1
2016,Slovak Republic,1
2016,Somalia,585
2016,South Africa,27
2016,South Korea,1
2016,South Sudan,56
2016,Spain,3
2016,Sri Lanka,1
2016,Sudan,157
2016,Sweden,16
2016,Switzerland,2
2016,Syria,458
2016,Taiwan,1
2016,Tajikistan,2
2016,Tanzania,2
2016,Thailand,319
2016,Tunisia,8
2016,Turkey,498
2016,Uganda,14
2016,Ukraine,58
2016,United Kingdom,104
2016,United States,67
2016,Uruguay,1
2016,Venezuela,6
2016,West Bank and Gaza Strip,155
2016,Yemen,475
2017,Afghanistan,1347
2017,Albania,1
2017,Algeria,11
2017,Angola,3
2017,Argentina,2
2017,Australia,4
2017,Austria,1
2017,Azerbaijan,1
2017,Bahrain,21
2017,Bangladesh,41
2017,Belgium,3
2017,Brazil,2
2017,Burkina Faso,32
2017,Burundi,20
2017,Cameroon,105
2017,Canada,12
2017,Central African Republic,40
2017,Chad,4
2017,Chile,10
2017,China,6
2017,Colombia,103
2017,Czech Republic,3
2017,Democratic Republic of the Congo,139
2017,Dominican Republic,1
2017,Ecuador,2
2017,Egypt,215
2017,Ethiopia,26
2017,Finland,2
2017,France,41
2017,Gabon,4
2017,Georgia,1
2017,Germany,27
2017,Greece,44
2017,Honduras,1
2017,India,960
2017,Indonesia,26
2017,Iran,11
2017,Iraq,2435
2017,Ireland,17
2017,Israel,29
2017,Italy,8
2017,Ivory Coast,13
2017,Jamaica,2
2017,Jordan,8
2017,Kenya,90
2017,Kosovo,8
2017,Kyrgyzstan,3
2017,Latvia,1
2017,Lebanon,23
2017,Liberia,1
2017,Libya,178
2017,Macedonia,1
2017,Malawi,1
2017,Malaysia,4
2017,Maldives,2
2017,Mali,128
2017,Malta,3
2017,Mexico,19
2017,Mozambique,15
2017,Myanmar,115
2017,Nepal,247
2017,Netherlands,1
2017,New Caledonia,1
2017,Niger,13
2017,Nigeria,478
2017,Norway,1
2017,Pakistan,716
2017,Papua New Guinea,8
2017,Paraguay,10
2017,Peru,6
2017,Philippines,675
2017,Poland,1
2017,Russia,32
2017,Rwanda,2
2017,Saudi Arabia,47
2017,Serbia,1
2017,Sierra Leone,3
2017,Somalia,610
2017,South Africa,28
2017,South Sudan,48
2017,Spain,4
2017,Sri Lanka,41
2017,Sudan,101
2017,Sweden,18
2017,Syria,229
2017,Taiwan,1
2017,Tajikistan,2
2017,Tanzania,6
2017,Thailand,179
2017,Tunisia,4
2017,Turkey,152
2017,Uganda,13
2017,Ukraine,60
2017,United Kingdom,123
2017,United States,64
2017,Venezuela,17
2017,Vietnam,2
2017,West Bank and Gaza Strip,81
2017,Yemen,204
2017,Zambia,2
2017,Zimbabwe,3
2018,Afghanistan,1699
2018,Algeria,7
2018,Argentina,5
2018,Armenia,1
2018,Australia,3
2018,Austria,1
2018,Azerbaijan,1
2018,Bahrain,1
2018,Bangladesh,32
2018,Belgium,3
2018,Bolivia,2
2018,Bosnia-Herzegovina,2
2018,Brazil,11
2018,Bulgaria,1
2018,Burkina Faso,67
2018,Burundi,10
2018,Cambodia,1
2018,Cameroon,218
2018,Canada,6
2018,Central African Republic,45
2018,Chad,12
2018,Chile,43
2018,China,1
2018,Colombia,189
2018,Comoros,1
2018,Democratic Republic of the Congo,156
2018,Denmark,1
2018,Ecuador,10
2018,Egypt,43
2018,Ethiopia,8
2018,Finland,1
2018,France,13
2018,Germany,22
2018,Ghana,2
2018,Greece,27
2018,Guatemala,2
2018,Guinea,2
2018,Haiti,5
2018,India,883
2018,Indonesia,38
2018,Iran,13
2018,Iraq,1289
2018,Ireland,5
2018,Israel,44
2018,Italy,14
2018,Ivory Coast,2
2018,Japan,1
2018,Jordan,2
2018,Kenya,43
2018,Kosovo,2
2018,Kyrgyzstan,1
2018,Lebanon,6
2018,Libya,145
2018,Lithuania,1
2018,Malawi,2
2018,Malaysia,6
2018,Maldives,2
2018,Mali,151
2018,Mexico,24
2018,Montenegro,3
2018,Morocco,1
2018,Mozambique,62
2018,Myanmar,36
2018,Nepal,99
2018,Netherlands,6
2018,New Caledonia,18
2018,Nicaragua,7
2018,Niger,19
2018,Nigeria,634
2018,Pakistan,479
2018,Paraguay,2
2018,Peru,4
2018,Philippines,588
2018,Poland,1
2018,Russia,22
2018,Rwanda,5
2018,Saudi Arabia,71
2018,Senegal,3
2018,Serbia,2
2018,Slovak Republic,1
2018,Somalia,511
2018,South Africa,41
2018,South Korea,1
2018,South Sudan,27
2018,Spain,2
2018,Sri Lanka,7
2018,Sudan,41
2018,Sweden,5
2018,Switzerland,1
2018,Syria,210
2018,Taiwan,3
2018,Tajikistan,3
2018,Tanzania,3
2018,Thailand,180
2018,Trinidad and Tobago,1
2018,Tunisia,16
2018,Turkey,77
2018,Uganda,10
2018,Ukraine,34
2018,United Kingdom,100
2018,United States,67
2018,Venezuela,11
2018,Vietnam,1
2018,West Bank and Gaza Strip,98
2018,Western Sahara,2
2018,Yemen,295
2018,Zimbabwe,2
